text,label
Aster Motors posts strong quarterly results during morning trade,POSITIVE
BluePeak Finance beats revenue estimates as volumes remain active,POSITIVE
Cedar Energy raises full year guidance during morning trade,POSITIVE
Delta Retail wins a major cloud contract as volumes remain active,POSITIVE
Evergreen Tech reports record order book during morning trade,POSITIVE
Falcon Infra announces margin expansion as volumes remain active,POSITIVE
Granite Foods receives analyst upgrade during morning trade,POSITIVE
Helio Pharma sees demand growth as volumes remain active,POSITIVE
Indigo Systems posts strong quarterly results during morning trade,POSITIVE
Jade Semiconductors beats revenue estimates as volumes remain active,POSITIVE
Aster Motors raises full year guidance during morning trade,POSITIVE
BluePeak Finance wins a major cloud contract as volumes remain active,POSITIVE
Cedar Energy reports record order book during morning trade,POSITIVE
Delta Retail announces margin expansion as volumes remain active,POSITIVE
Evergreen Tech receives analyst upgrade during morning trade,POSITIVE
Falcon Infra sees demand growth as volumes remain active,POSITIVE
Granite Foods posts strong quarterly results during morning trade,POSITIVE
Helio Pharma beats revenue estimates as volumes remain active,POSITIVE
Indigo Systems raises full year guidance during morning trade,POSITIVE
Jade Semiconductors wins a major cloud contract as volumes remain active,POSITIVE
Aster Motors reports record order book during morning trade,POSITIVE
BluePeak Finance announces margin expansion as volumes remain active,POSITIVE
Cedar Energy receives analyst upgrade during morning trade,POSITIVE
Delta Retail sees demand growth as volumes remain active,POSITIVE
Evergreen Tech posts strong quarterly results during morning trade,POSITIVE
Falcon Infra beats revenue estimates as volumes remain active,POSITIVE
Granite Foods raises full year guidance during morning trade,POSITIVE
Helio Pharma wins a major cloud contract as volumes remain active,POSITIVE
Indigo Systems reports record order book during morning trade,POSITIVE
Jade Semiconductors announces margin expansion as volumes remain active,POSITIVE
Aster Motors receives analyst upgrade during morning trade,POSITIVE
BluePeak Finance sees demand growth as volumes remain active,POSITIVE
Cedar Energy posts strong quarterly results during morning trade,POSITIVE
Delta Retail beats revenue estimates as volumes remain active,POSITIVE
Evergreen Tech raises full year guidance during morning trade,POSITIVE
Falcon Infra wins a major cloud contract as volumes remain active,POSITIVE
Granite Foods reports record order book during morning trade,POSITIVE
Helio Pharma announces margin expansion as volumes remain active,POSITIVE
Indigo Systems receives analyst upgrade during morning trade,POSITIVE
Jade Semiconductors sees demand growth as volumes remain active,POSITIVE
Aster Motors posts strong quarterly results during morning trade,POSITIVE
BluePeak Finance beats revenue estimates as volumes remain active,POSITIVE
Cedar Energy raises full year guidance during morning trade,POSITIVE
Delta Retail wins a major cloud contract as volumes remain active,POSITIVE
Evergreen Tech reports record order book during morning trade,POSITIVE
Falcon Infra announces margin expansion as volumes remain active,POSITIVE
Granite Foods receives analyst upgrade during morning trade,POSITIVE
Helio Pharma sees demand growth as volumes remain active,POSITIVE
Indigo Systems posts strong quarterly results during morning trade,POSITIVE
Jade Semiconductors beats revenue estimates as volumes remain active,POSITIVE
Aster Motors raises full year guidance during morning trade,POSITIVE
BluePeak Finance wins a major cloud contract as volumes remain active,POSITIVE
Cedar Energy reports record order book during morning trade,POSITIVE
Delta Retail announces margin expansion as volumes remain active,POSITIVE
Evergreen Tech receives analyst upgrade during morning trade,POSITIVE
Falcon Infra sees demand growth as volumes remain active,POSITIVE
Granite Foods posts strong quarterly results during morning trade,POSITIVE
Helio Pharma beats revenue estimates as volumes remain active,POSITIVE
Indigo Systems raises full year guidance during morning trade,POSITIVE
Jade Semiconductors wins a major cloud contract as volumes remain active,POSITIVE
Aster Motors reports record order book during morning trade,POSITIVE
BluePeak Finance announces margin expansion as volumes remain active,POSITIVE
Cedar Energy receives analyst upgrade during morning trade,POSITIVE
Delta Retail sees demand growth as volumes remain active,POSITIVE
Evergreen Tech posts strong quarterly results during morning trade,POSITIVE
Falcon Infra beats revenue estimates as volumes remain active,POSITIVE
Granite Foods raises full year guidance during morning trade,POSITIVE
Helio Pharma wins a major cloud contract as volumes remain active,POSITIVE
Indigo Systems reports record order book during morning trade,POSITIVE
Jade Semiconductors announces margin expansion as volumes remain active,POSITIVE
Aster Motors receives analyst upgrade during morning trade,POSITIVE
BluePeak Finance sees demand growth as volumes remain active,POSITIVE
Cedar Energy posts strong quarterly results during morning trade,POSITIVE
Delta Retail beats revenue estimates as volumes remain active,POSITIVE
Evergreen Tech raises full year guidance during morning trade,POSITIVE
Falcon Infra wins a major cloud contract as volumes remain active,POSITIVE
Granite Foods reports record order book during morning trade,POSITIVE
Helio Pharma announces margin expansion as volumes remain active,POSITIVE
Indigo Systems receives analyst upgrade during morning trade,POSITIVE
Jade Semiconductors sees demand growth as volumes remain active,POSITIVE
Aster Motors posts strong quarterly results during morning trade,POSITIVE
BluePeak Finance beats revenue estimates as volumes remain active,POSITIVE
Cedar Energy raises full year guidance during morning trade,POSITIVE
Delta Retail wins a major cloud contract as volumes remain active,POSITIVE
Evergreen Tech reports record order book during morning trade,POSITIVE
Falcon Infra announces margin expansion as volumes remain active,POSITIVE
Granite Foods receives analyst upgrade during morning trade,POSITIVE
Helio Pharma sees demand growth as volumes remain active,POSITIVE
Indigo Systems posts strong quarterly results during morning trade,POSITIVE
Jade Semiconductors beats revenue estimates as volumes remain active,POSITIVE
Aster Motors raises full year guidance during morning trade,POSITIVE
BluePeak Finance wins a major cloud contract as volumes remain active,POSITIVE
Cedar Energy reports record order book during morning trade,POSITIVE
Delta Retail announces margin expansion as volumes remain active,POSITIVE
Evergreen Tech receives analyst upgrade during morning trade,POSITIVE
Falcon Infra sees demand growth as volumes remain active,POSITIVE
Granite Foods posts strong quarterly results during morning trade,POSITIVE
Helio Pharma beats revenue estimates as volumes remain active,POSITIVE
Indigo Systems raises full year guidance during morning trade,POSITIVE
Jade Semiconductors wins a major cloud contract as volumes remain active,POSITIVE
Aster Motors reports record order book during morning trade,POSITIVE
BluePeak Finance announces margin expansion as volumes remain active,POSITIVE
Cedar Energy receives analyst upgrade during morning trade,POSITIVE
Delta Retail sees demand growth as volumes remain active,POSITIVE
Evergreen Tech posts strong quarterly results during morning trade,POSITIVE
Falcon Infra beats revenue estimates as volumes remain active,POSITIVE
Granite Foods raises full year guidance during morning trade,POSITIVE
Helio Pharma wins a major cloud contract as volumes remain active,POSITIVE
Indigo Systems reports record order book during morning trade,POSITIVE
Jade Semiconductors announces margin expansion as volumes remain active,POSITIVE
Aster Motors receives analyst upgrade during morning trade,POSITIVE
BluePeak Finance sees demand growth as volumes remain active,POSITIVE
Cedar Energy posts strong quarterly results during morning trade,POSITIVE
Delta Retail beats revenue estimates as volumes remain active,POSITIVE
Evergreen Tech raises full year guidance during morning trade,POSITIVE
Falcon Infra wins a major cloud contract as volumes remain active,POSITIVE
Granite Foods reports record order book during morning trade,POSITIVE
Helio Pharma announces margin expansion as volumes remain active,POSITIVE
Indigo Systems receives analyst upgrade during morning trade,POSITIVE
Jade Semiconductors sees demand growth as volumes remain active,POSITIVE
Aster Motors posts strong quarterly results during morning trade,POSITIVE
BluePeak Finance beats revenue estimates as volumes remain active,POSITIVE
Cedar Energy raises full year guidance during morning trade,POSITIVE
Delta Retail wins a major cloud contract as volumes remain active,POSITIVE
Evergreen Tech reports record order book during morning trade,POSITIVE
Falcon Infra announces margin expansion as volumes remain active,POSITIVE
Granite Foods receives analyst upgrade during morning trade,POSITIVE
Helio Pharma sees demand growth as volumes remain active,POSITIVE
Indigo Systems posts strong quarterly results during morning trade,POSITIVE
Jade Semiconductors beats revenue estimates as volumes remain active,POSITIVE
Aster Motors raises full year guidance during morning trade,POSITIVE
BluePeak Finance wins a major cloud contract as volumes remain active,POSITIVE
Cedar Energy reports record order book during morning trade,POSITIVE
Delta Retail announces margin expansion as volumes remain active,POSITIVE
Evergreen Tech receives analyst upgrade during morning trade,POSITIVE
Falcon Infra sees demand growth as volumes remain active,POSITIVE
Granite Foods posts strong quarterly results during morning trade,POSITIVE
Helio Pharma beats revenue estimates as volumes remain active,POSITIVE
Indigo Systems raises full year guidance during morning trade,POSITIVE
Jade Semiconductors wins a major cloud contract as volumes remain active,POSITIVE
Aster Motors reports record order book during morning trade,POSITIVE
BluePeak Finance announces margin expansion as volumes remain active,POSITIVE
Cedar Energy receives analyst upgrade during morning trade,POSITIVE
Delta Retail sees demand growth as volumes remain active,POSITIVE
Evergreen Tech posts strong quarterly results during morning trade,POSITIVE
Falcon Infra beats revenue estimates as volumes remain active,POSITIVE
Granite Foods raises full year guidance during morning trade,POSITIVE
Helio Pharma wins a major cloud contract as volumes remain active,POSITIVE
Indigo Systems reports record order book during morning trade,POSITIVE
Jade Semiconductors announces margin expansion as volumes remain active,POSITIVE
Aster Motors receives analyst upgrade during morning trade,POSITIVE
BluePeak Finance sees demand growth as volumes remain active,POSITIVE
Cedar Energy posts strong quarterly results during morning trade,POSITIVE
Delta Retail beats revenue estimates as volumes remain active,POSITIVE
Evergreen Tech raises full year guidance during morning trade,POSITIVE
Falcon Infra wins a major cloud contract as volumes remain active,POSITIVE
Granite Foods reports record order book during morning trade,POSITIVE
Helio Pharma announces margin expansion as volumes remain active,POSITIVE
Indigo Systems receives analyst upgrade during morning trade,POSITIVE
Jade Semiconductors sees demand growth as volumes remain active,POSITIVE
Aster Motors posts strong quarterly results during morning trade,POSITIVE
BluePeak Finance beats revenue estimates as volumes remain active,POSITIVE
Cedar Energy raises full year guidance during morning trade,POSITIVE
Delta Retail wins a major cloud contract as volumes remain active,POSITIVE
Evergreen Tech reports record order book during morning trade,POSITIVE
Falcon Infra announces margin expansion as volumes remain active,POSITIVE
Granite Foods receives analyst upgrade during morning trade,POSITIVE
Helio Pharma sees demand growth as volumes remain active,POSITIVE
Indigo Systems posts strong quarterly results during morning trade,POSITIVE
Jade Semiconductors beats revenue estimates as volumes remain active,POSITIVE
Aster Motors raises full year guidance during morning trade,POSITIVE
BluePeak Finance wins a major cloud contract as volumes remain active,POSITIVE
Cedar Energy reports record order book during morning trade,POSITIVE
Delta Retail announces margin expansion as volumes remain active,POSITIVE
Evergreen Tech receives analyst upgrade during morning trade,POSITIVE
Falcon Infra sees demand growth as volumes remain active,POSITIVE
Granite Foods posts strong quarterly results during morning trade,POSITIVE
Helio Pharma beats revenue estimates as volumes remain active,POSITIVE
Indigo Systems raises full year guidance during morning trade,POSITIVE
Jade Semiconductors wins a major cloud contract as volumes remain active,POSITIVE
Aster Motors reports record order book during morning trade,POSITIVE
BluePeak Finance announces margin expansion as volumes remain active,POSITIVE
Cedar Energy receives analyst upgrade during morning trade,POSITIVE
Delta Retail sees demand growth as volumes remain active,POSITIVE
Evergreen Tech posts strong quarterly results during morning trade,POSITIVE
Falcon Infra beats revenue estimates as volumes remain active,POSITIVE
Granite Foods raises full year guidance during morning trade,POSITIVE
Helio Pharma wins a major cloud contract as volumes remain active,POSITIVE
Indigo Systems reports record order book during morning trade,POSITIVE
Jade Semiconductors announces margin expansion as volumes remain active,POSITIVE
Aster Motors receives analyst upgrade during morning trade,POSITIVE
BluePeak Finance sees demand growth as volumes remain active,POSITIVE
Cedar Energy posts strong quarterly results during morning trade,POSITIVE
Delta Retail beats revenue estimates as volumes remain active,POSITIVE
Evergreen Tech raises full year guidance during morning trade,POSITIVE
Falcon Infra wins a major cloud contract as volumes remain active,POSITIVE
Granite Foods reports record order book during morning trade,POSITIVE
Helio Pharma announces margin expansion as volumes remain active,POSITIVE
Indigo Systems receives analyst upgrade during morning trade,POSITIVE
Jade Semiconductors sees demand growth as volumes remain active,POSITIVE
Aster Motors posts strong quarterly results during morning trade,POSITIVE
BluePeak Finance beats revenue estimates as volumes remain active,POSITIVE
Cedar Energy raises full year guidance during morning trade,POSITIVE
Delta Retail wins a major cloud contract as volumes remain active,POSITIVE
Evergreen Tech reports record order book during morning trade,POSITIVE
Falcon Infra announces margin expansion as volumes remain active,POSITIVE
Granite Foods receives analyst upgrade during morning trade,POSITIVE
Helio Pharma sees demand growth as volumes remain active,POSITIVE
Indigo Systems posts strong quarterly results during morning trade,POSITIVE
Jade Semiconductors beats revenue estimates as volumes remain active,POSITIVE
Aster Motors raises full year guidance during morning trade,POSITIVE
BluePeak Finance wins a major cloud contract as volumes remain active,POSITIVE
Cedar Energy reports record order book during morning trade,POSITIVE
Delta Retail announces margin expansion as volumes remain active,POSITIVE
Evergreen Tech receives analyst upgrade during morning trade,POSITIVE
Falcon Infra sees demand growth as volumes remain active,POSITIVE
Granite Foods posts strong quarterly results during morning trade,POSITIVE
Helio Pharma beats revenue estimates as volumes remain active,POSITIVE
Indigo Systems raises full year guidance during morning trade,POSITIVE
Jade Semiconductors wins a major cloud contract as volumes remain active,POSITIVE
Aster Motors reports record order book during morning trade,POSITIVE
BluePeak Finance announces margin expansion as volumes remain active,POSITIVE
Cedar Energy receives analyst upgrade during morning trade,POSITIVE
Delta Retail sees demand growth as volumes remain active,POSITIVE
Evergreen Tech posts strong quarterly results during morning trade,POSITIVE
Falcon Infra beats revenue estimates as volumes remain active,POSITIVE
Granite Foods raises full year guidance during morning trade,POSITIVE
Helio Pharma wins a major cloud contract as volumes remain active,POSITIVE
Indigo Systems reports record order book during morning trade,POSITIVE
Jade Semiconductors announces margin expansion as volumes remain active,POSITIVE
Aster Motors receives analyst upgrade during morning trade,POSITIVE
BluePeak Finance sees demand growth as volumes remain active,POSITIVE
Cedar Energy posts strong quarterly results during morning trade,POSITIVE
Delta Retail beats revenue estimates as volumes remain active,POSITIVE
Evergreen Tech raises full year guidance during morning trade,POSITIVE
Falcon Infra wins a major cloud contract as volumes remain active,POSITIVE
Granite Foods reports record order book during morning trade,POSITIVE
Helio Pharma announces margin expansion as volumes remain active,POSITIVE
Indigo Systems receives analyst upgrade during morning trade,POSITIVE
Jade Semiconductors sees demand growth as volumes remain active,POSITIVE
Aster Motors falls after weak quarterly results during morning trade,NEGATIVE
BluePeak Finance misses revenue estimates as volumes remain active,NEGATIVE
Cedar Energy cuts full year guidance during morning trade,NEGATIVE
Delta Retail faces global uncertainty as volumes remain active,NEGATIVE
Evergreen Tech reports margin pressure during morning trade,NEGATIVE
Falcon Infra receives analyst downgrade as volumes remain active,NEGATIVE
Granite Foods warns about demand slowdown during morning trade,NEGATIVE
Helio Pharma declines after regulatory concerns as volumes remain active,NEGATIVE
Indigo Systems falls after weak quarterly results during morning trade,NEGATIVE
Jade Semiconductors misses revenue estimates as volumes remain active,NEGATIVE
Aster Motors cuts full year guidance during morning trade,NEGATIVE
BluePeak Finance faces global uncertainty as volumes remain active,NEGATIVE
Cedar Energy reports margin pressure during morning trade,NEGATIVE
Delta Retail receives analyst downgrade as volumes remain active,NEGATIVE
Evergreen Tech warns about demand slowdown during morning trade,NEGATIVE
Falcon Infra declines after regulatory concerns as volumes remain active,NEGATIVE
Granite Foods falls after weak quarterly results during morning trade,NEGATIVE
Helio Pharma misses revenue estimates as volumes remain active,NEGATIVE
Indigo Systems cuts full year guidance during morning trade,NEGATIVE
Jade Semiconductors faces global uncertainty as volumes remain active,NEGATIVE
Aster Motors reports margin pressure during morning trade,NEGATIVE
BluePeak Finance receives analyst downgrade as volumes remain active,NEGATIVE
Cedar Energy warns about demand slowdown during morning trade,NEGATIVE
Delta Retail declines after regulatory concerns as volumes remain active,NEGATIVE
Evergreen Tech falls after weak quarterly results during morning trade,NEGATIVE
Falcon Infra misses revenue estimates as volumes remain active,NEGATIVE
Granite Foods cuts full year guidance during morning trade,NEGATIVE
Helio Pharma faces global uncertainty as volumes remain active,NEGATIVE
Indigo Systems reports margin pressure during morning trade,NEGATIVE
Jade Semiconductors receives analyst downgrade as volumes remain active,NEGATIVE
Aster Motors warns about demand slowdown during morning trade,NEGATIVE
BluePeak Finance declines after regulatory concerns as volumes remain active,NEGATIVE
Cedar Energy falls after weak quarterly results during morning trade,NEGATIVE
Delta Retail misses revenue estimates as volumes remain active,NEGATIVE
Evergreen Tech cuts full year guidance during morning trade,NEGATIVE
Falcon Infra faces global uncertainty as volumes remain active,NEGATIVE
Granite Foods reports margin pressure during morning trade,NEGATIVE
Helio Pharma receives analyst downgrade as volumes remain active,NEGATIVE
Indigo Systems warns about demand slowdown during morning trade,NEGATIVE
Jade Semiconductors declines after regulatory concerns as volumes remain active,NEGATIVE
Aster Motors falls after weak quarterly results during morning trade,NEGATIVE
BluePeak Finance misses revenue estimates as volumes remain active,NEGATIVE
Cedar Energy cuts full year guidance during morning trade,NEGATIVE
Delta Retail faces global uncertainty as volumes remain active,NEGATIVE
Evergreen Tech reports margin pressure during morning trade,NEGATIVE
Falcon Infra receives analyst downgrade as volumes remain active,NEGATIVE
Granite Foods warns about demand slowdown during morning trade,NEGATIVE
Helio Pharma declines after regulatory concerns as volumes remain active,NEGATIVE
Indigo Systems falls after weak quarterly results during morning trade,NEGATIVE
Jade Semiconductors misses revenue estimates as volumes remain active,NEGATIVE
Aster Motors cuts full year guidance during morning trade,NEGATIVE
BluePeak Finance faces global uncertainty as volumes remain active,NEGATIVE
Cedar Energy reports margin pressure during morning trade,NEGATIVE
Delta Retail receives analyst downgrade as volumes remain active,NEGATIVE
Evergreen Tech warns about demand slowdown during morning trade,NEGATIVE
Falcon Infra declines after regulatory concerns as volumes remain active,NEGATIVE
Granite Foods falls after weak quarterly results during morning trade,NEGATIVE
Helio Pharma misses revenue estimates as volumes remain active,NEGATIVE
Indigo Systems cuts full year guidance during morning trade,NEGATIVE
Jade Semiconductors faces global uncertainty as volumes remain active,NEGATIVE
Aster Motors reports margin pressure during morning trade,NEGATIVE
BluePeak Finance receives analyst downgrade as volumes remain active,NEGATIVE
Cedar Energy warns about demand slowdown during morning trade,NEGATIVE
Delta Retail declines after regulatory concerns as volumes remain active,NEGATIVE
Evergreen Tech falls after weak quarterly results during morning trade,NEGATIVE
Falcon Infra misses revenue estimates as volumes remain active,NEGATIVE
Granite Foods cuts full year guidance during morning trade,NEGATIVE
Helio Pharma faces global uncertainty as volumes remain active,NEGATIVE
Indigo Systems reports margin pressure during morning trade,NEGATIVE
Jade Semiconductors receives analyst downgrade as volumes remain active,NEGATIVE
Aster Motors warns about demand slowdown during morning trade,NEGATIVE
BluePeak Finance declines after regulatory concerns as volumes remain active,NEGATIVE
Cedar Energy falls after weak quarterly results during morning trade,NEGATIVE
Delta Retail misses revenue estimates as volumes remain active,NEGATIVE
Evergreen Tech cuts full year guidance during morning trade,NEGATIVE
Falcon Infra faces global uncertainty as volumes remain active,NEGATIVE
Granite Foods reports margin pressure during morning trade,NEGATIVE
Helio Pharma receives analyst downgrade as volumes remain active,NEGATIVE
Indigo Systems warns about demand slowdown during morning trade,NEGATIVE
Jade Semiconductors declines after regulatory concerns as volumes remain active,NEGATIVE
Aster Motors falls after weak quarterly results during morning trade,NEGATIVE
BluePeak Finance misses revenue estimates as volumes remain active,NEGATIVE
Cedar Energy cuts full year guidance during morning trade,NEGATIVE
Delta Retail faces global uncertainty as volumes remain active,NEGATIVE
Evergreen Tech reports margin pressure during morning trade,NEGATIVE
Falcon Infra receives analyst downgrade as volumes remain active,NEGATIVE
Granite Foods warns about demand slowdown during morning trade,NEGATIVE
Helio Pharma declines after regulatory concerns as volumes remain active,NEGATIVE
Indigo Systems falls after weak quarterly results during morning trade,NEGATIVE
Jade Semiconductors misses revenue estimates as volumes remain active,NEGATIVE
Aster Motors cuts full year guidance during morning trade,NEGATIVE
BluePeak Finance faces global uncertainty as volumes remain active,NEGATIVE
Cedar Energy reports margin pressure during morning trade,NEGATIVE
Delta Retail receives analyst downgrade as volumes remain active,NEGATIVE
Evergreen Tech warns about demand slowdown during morning trade,NEGATIVE
Falcon Infra declines after regulatory concerns as volumes remain active,NEGATIVE
Granite Foods falls after weak quarterly results during morning trade,NEGATIVE
Helio Pharma misses revenue estimates as volumes remain active,NEGATIVE
Indigo Systems cuts full year guidance during morning trade,NEGATIVE
Jade Semiconductors faces global uncertainty as volumes remain active,NEGATIVE
Aster Motors reports margin pressure during morning trade,NEGATIVE
BluePeak Finance receives analyst downgrade as volumes remain active,NEGATIVE
Cedar Energy warns about demand slowdown during morning trade,NEGATIVE
Delta Retail declines after regulatory concerns as volumes remain active,NEGATIVE
Evergreen Tech falls after weak quarterly results during morning trade,NEGATIVE
Falcon Infra misses revenue estimates as volumes remain active,NEGATIVE
Granite Foods cuts full year guidance during morning trade,NEGATIVE
Helio Pharma faces global uncertainty as volumes remain active,NEGATIVE
Indigo Systems reports margin pressure during morning trade,NEGATIVE
Jade Semiconductors receives analyst downgrade as volumes remain active,NEGATIVE
Aster Motors warns about demand slowdown during morning trade,NEGATIVE
BluePeak Finance declines after regulatory concerns as volumes remain active,NEGATIVE
Cedar Energy falls after weak quarterly results during morning trade,NEGATIVE
Delta Retail misses revenue estimates as volumes remain active,NEGATIVE
Evergreen Tech cuts full year guidance during morning trade,NEGATIVE
Falcon Infra faces global uncertainty as volumes remain active,NEGATIVE
Granite Foods reports margin pressure during morning trade,NEGATIVE
Helio Pharma receives analyst downgrade as volumes remain active,NEGATIVE
Indigo Systems warns about demand slowdown during morning trade,NEGATIVE
Jade Semiconductors declines after regulatory concerns as volumes remain active,NEGATIVE
Aster Motors falls after weak quarterly results during morning trade,NEGATIVE
BluePeak Finance misses revenue estimates as volumes remain active,NEGATIVE
Cedar Energy cuts full year guidance during morning trade,NEGATIVE
Delta Retail faces global uncertainty as volumes remain active,NEGATIVE
Evergreen Tech reports margin pressure during morning trade,NEGATIVE
Falcon Infra receives analyst downgrade as volumes remain active,NEGATIVE
Granite Foods warns about demand slowdown during morning trade,NEGATIVE
Helio Pharma declines after regulatory concerns as volumes remain active,NEGATIVE
Indigo Systems falls after weak quarterly results during morning trade,NEGATIVE
Jade Semiconductors misses revenue estimates as volumes remain active,NEGATIVE
Aster Motors cuts full year guidance during morning trade,NEGATIVE
BluePeak Finance faces global uncertainty as volumes remain active,NEGATIVE
Cedar Energy reports margin pressure during morning trade,NEGATIVE
Delta Retail receives analyst downgrade as volumes remain active,NEGATIVE
Evergreen Tech warns about demand slowdown during morning trade,NEGATIVE
Falcon Infra declines after regulatory concerns as volumes remain active,NEGATIVE
Granite Foods falls after weak quarterly results during morning trade,NEGATIVE
Helio Pharma misses revenue estimates as volumes remain active,NEGATIVE
Indigo Systems cuts full year guidance during morning trade,NEGATIVE
Jade Semiconductors faces global uncertainty as volumes remain active,NEGATIVE
Aster Motors reports margin pressure during morning trade,NEGATIVE
BluePeak Finance receives analyst downgrade as volumes remain active,NEGATIVE
Cedar Energy warns about demand slowdown during morning trade,NEGATIVE
Delta Retail declines after regulatory concerns as volumes remain active,NEGATIVE
Evergreen Tech falls after weak quarterly results during morning trade,NEGATIVE
Falcon Infra misses revenue estimates as volumes remain active,NEGATIVE
Granite Foods cuts full year guidance during morning trade,NEGATIVE
Helio Pharma faces global uncertainty as volumes remain active,NEGATIVE
Indigo Systems reports margin pressure during morning trade,NEGATIVE
Jade Semiconductors receives analyst downgrade as volumes remain active,NEGATIVE
Aster Motors warns about demand slowdown during morning trade,NEGATIVE
BluePeak Finance declines after regulatory concerns as volumes remain active,NEGATIVE
Cedar Energy falls after weak quarterly results during morning trade,NEGATIVE
Delta Retail misses revenue estimates as volumes remain active,NEGATIVE
Evergreen Tech cuts full year guidance during morning trade,NEGATIVE
Falcon Infra faces global uncertainty as volumes remain active,NEGATIVE
Granite Foods reports margin pressure during morning trade,NEGATIVE
Helio Pharma receives analyst downgrade as volumes remain active,NEGATIVE
Indigo Systems warns about demand slowdown during morning trade,NEGATIVE
Jade Semiconductors declines after regulatory concerns as volumes remain active,NEGATIVE
Aster Motors falls after weak quarterly results during morning trade,NEGATIVE
BluePeak Finance misses revenue estimates as volumes remain active,NEGATIVE
Cedar Energy cuts full year guidance during morning trade,NEGATIVE
Delta Retail faces global uncertainty as volumes remain active,NEGATIVE
Evergreen Tech reports margin pressure during morning trade,NEGATIVE
Falcon Infra receives analyst downgrade as volumes remain active,NEGATIVE
Granite Foods warns about demand slowdown during morning trade,NEGATIVE
Helio Pharma declines after regulatory concerns as volumes remain active,NEGATIVE
Indigo Systems falls after weak quarterly results during morning trade,NEGATIVE
Jade Semiconductors misses revenue estimates as volumes remain active,NEGATIVE
Aster Motors cuts full year guidance during morning trade,NEGATIVE
BluePeak Finance faces global uncertainty as volumes remain active,NEGATIVE
Cedar Energy reports margin pressure during morning trade,NEGATIVE
Delta Retail receives analyst downgrade as volumes remain active,NEGATIVE
Evergreen Tech warns about demand slowdown during morning trade,NEGATIVE
Falcon Infra declines after regulatory concerns as volumes remain active,NEGATIVE
Granite Foods falls after weak quarterly results during morning trade,NEGATIVE
Helio Pharma misses revenue estimates as volumes remain active,NEGATIVE
Indigo Systems cuts full year guidance during morning trade,NEGATIVE
Jade Semiconductors faces global uncertainty as volumes remain active,NEGATIVE
Aster Motors reports margin pressure during morning trade,NEGATIVE
BluePeak Finance receives analyst downgrade as volumes remain active,NEGATIVE
Cedar Energy warns about demand slowdown during morning trade,NEGATIVE
Delta Retail declines after regulatory concerns as volumes remain active,NEGATIVE
Evergreen Tech falls after weak quarterly results during morning trade,NEGATIVE
Falcon Infra misses revenue estimates as volumes remain active,NEGATIVE
Granite Foods cuts full year guidance during morning trade,NEGATIVE
Helio Pharma faces global uncertainty as volumes remain active,NEGATIVE
Indigo Systems reports margin pressure during morning trade,NEGATIVE
Jade Semiconductors receives analyst downgrade as volumes remain active,NEGATIVE
Aster Motors warns about demand slowdown during morning trade,NEGATIVE
BluePeak Finance declines after regulatory concerns as volumes remain active,NEGATIVE
Cedar Energy falls after weak quarterly results during morning trade,NEGATIVE
Delta Retail misses revenue estimates as volumes remain active,NEGATIVE
Evergreen Tech cuts full year guidance during morning trade,NEGATIVE
Falcon Infra faces global uncertainty as volumes remain active,NEGATIVE
Granite Foods reports margin pressure during morning trade,NEGATIVE
Helio Pharma receives analyst downgrade as volumes remain active,NEGATIVE
Indigo Systems warns about demand slowdown during morning trade,NEGATIVE
Jade Semiconductors declines after regulatory concerns as volumes remain active,NEGATIVE
Aster Motors falls after weak quarterly results during morning trade,NEGATIVE
BluePeak Finance misses revenue estimates as volumes remain active,NEGATIVE
Cedar Energy cuts full year guidance during morning trade,NEGATIVE
Delta Retail faces global uncertainty as volumes remain active,NEGATIVE
Evergreen Tech reports margin pressure during morning trade,NEGATIVE
Falcon Infra receives analyst downgrade as volumes remain active,NEGATIVE
Granite Foods warns about demand slowdown during morning trade,NEGATIVE
Helio Pharma declines after regulatory concerns as volumes remain active,NEGATIVE
Indigo Systems falls after weak quarterly results during morning trade,NEGATIVE
Jade Semiconductors misses revenue estimates as volumes remain active,NEGATIVE
Aster Motors cuts full year guidance during morning trade,NEGATIVE
BluePeak Finance faces global uncertainty as volumes remain active,NEGATIVE
Cedar Energy reports margin pressure during morning trade,NEGATIVE
Delta Retail receives analyst downgrade as volumes remain active,NEGATIVE
Evergreen Tech warns about demand slowdown during morning trade,NEGATIVE
Falcon Infra declines after regulatory concerns as volumes remain active,NEGATIVE
Granite Foods falls after weak quarterly results during morning trade,NEGATIVE
Helio Pharma misses revenue estimates as volumes remain active,NEGATIVE
Indigo Systems cuts full year guidance during morning trade,NEGATIVE
Jade Semiconductors faces global uncertainty as volumes remain active,NEGATIVE
Aster Motors reports margin pressure during morning trade,NEGATIVE
BluePeak Finance receives analyst downgrade as volumes remain active,NEGATIVE
Cedar Energy warns about demand slowdown during morning trade,NEGATIVE
Delta Retail declines after regulatory concerns as volumes remain active,NEGATIVE
Evergreen Tech falls after weak quarterly results during morning trade,NEGATIVE
Falcon Infra misses revenue estimates as volumes remain active,NEGATIVE
Granite Foods cuts full year guidance during morning trade,NEGATIVE
Helio Pharma faces global uncertainty as volumes remain active,NEGATIVE
Indigo Systems reports margin pressure during morning trade,NEGATIVE
Jade Semiconductors receives analyst downgrade as volumes remain active,NEGATIVE
Aster Motors warns about demand slowdown during morning trade,NEGATIVE
BluePeak Finance declines after regulatory concerns as volumes remain active,NEGATIVE
Cedar Energy falls after weak quarterly results during morning trade,NEGATIVE
Delta Retail misses revenue estimates as volumes remain active,NEGATIVE
Evergreen Tech cuts full year guidance during morning trade,NEGATIVE
Falcon Infra faces global uncertainty as volumes remain active,NEGATIVE
Granite Foods reports margin pressure during morning trade,NEGATIVE
Helio Pharma receives analyst downgrade as volumes remain active,NEGATIVE
Indigo Systems warns about demand slowdown during morning trade,NEGATIVE
Jade Semiconductors declines after regulatory concerns as volumes remain active,NEGATIVE
Aster Motors schedules investor meeting during morning trade,NEUTRAL
BluePeak Finance announces board update as volumes remain active,NEUTRAL
Cedar Energy trades in a narrow range during morning trade,NEUTRAL
Delta Retail holds annual general meeting as volumes remain active,NEUTRAL
Evergreen Tech updates product roadmap during morning trade,NEUTRAL
Falcon Infra reports stable operations as volumes remain active,NEUTRAL
Granite Foods opens new regional office during morning trade,NEUTRAL
Helio Pharma maintains existing guidance as volumes remain active,NEUTRAL
Indigo Systems schedules investor meeting during morning trade,NEUTRAL
Jade Semiconductors announces board update as volumes remain active,NEUTRAL
Aster Motors trades in a narrow range during morning trade,NEUTRAL
BluePeak Finance holds annual general meeting as volumes remain active,NEUTRAL
Cedar Energy updates product roadmap during morning trade,NEUTRAL
Delta Retail reports stable operations as volumes remain active,NEUTRAL
Evergreen Tech opens new regional office during morning trade,NEUTRAL
Falcon Infra maintains existing guidance as volumes remain active,NEUTRAL
Granite Foods schedules investor meeting during morning trade,NEUTRAL
Helio Pharma announces board update as volumes remain active,NEUTRAL
Indigo Systems trades in a narrow range during morning trade,NEUTRAL
Jade Semiconductors holds annual general meeting as volumes remain active,NEUTRAL
Aster Motors updates product roadmap during morning trade,NEUTRAL
BluePeak Finance reports stable operations as volumes remain active,NEUTRAL
Cedar Energy opens new regional office during morning trade,NEUTRAL
Delta Retail maintains existing guidance as volumes remain active,NEUTRAL
Evergreen Tech schedules investor meeting during morning trade,NEUTRAL
Falcon Infra announces board update as volumes remain active,NEUTRAL
Granite Foods trades in a narrow range during morning trade,NEUTRAL
Helio Pharma holds annual general meeting as volumes remain active,NEUTRAL
Indigo Systems updates product roadmap during morning trade,NEUTRAL
Jade Semiconductors reports stable operations as volumes remain active,NEUTRAL
Aster Motors opens new regional office during morning trade,NEUTRAL
BluePeak Finance maintains existing guidance as volumes remain active,NEUTRAL
Cedar Energy schedules investor meeting during morning trade,NEUTRAL
Delta Retail announces board update as volumes remain active,NEUTRAL
Evergreen Tech trades in a narrow range during morning trade,NEUTRAL
Falcon Infra holds annual general meeting as volumes remain active,NEUTRAL
Granite Foods updates product roadmap during morning trade,NEUTRAL
Helio Pharma reports stable operations as volumes remain active,NEUTRAL
Indigo Systems opens new regional office during morning trade,NEUTRAL
Jade Semiconductors maintains existing guidance as volumes remain active,NEUTRAL
Aster Motors schedules investor meeting during morning trade,NEUTRAL
BluePeak Finance announces board update as volumes remain active,NEUTRAL
Cedar Energy trades in a narrow range during morning trade,NEUTRAL
Delta Retail holds annual general meeting as volumes remain active,NEUTRAL
Evergreen Tech updates product roadmap during morning trade,NEUTRAL
Falcon Infra reports stable operations as volumes remain active,NEUTRAL
Granite Foods opens new regional office during morning trade,NEUTRAL
Helio Pharma maintains existing guidance as volumes remain active,NEUTRAL
Indigo Systems schedules investor meeting during morning trade,NEUTRAL
Jade Semiconductors announces board update as volumes remain active,NEUTRAL
Aster Motors trades in a narrow range during morning trade,NEUTRAL
BluePeak Finance holds annual general meeting as volumes remain active,NEUTRAL
Cedar Energy updates product roadmap during morning trade,NEUTRAL
Delta Retail reports stable operations as volumes remain active,NEUTRAL
Evergreen Tech opens new regional office during morning trade,NEUTRAL
Falcon Infra maintains existing guidance as volumes remain active,NEUTRAL
Granite Foods schedules investor meeting during morning trade,NEUTRAL
Helio Pharma announces board update as volumes remain active,NEUTRAL
Indigo Systems trades in a narrow range during morning trade,NEUTRAL
Jade Semiconductors holds annual general meeting as volumes remain active,NEUTRAL
Aster Motors updates product roadmap during morning trade,NEUTRAL
BluePeak Finance reports stable operations as volumes remain active,NEUTRAL
Cedar Energy opens new regional office during morning trade,NEUTRAL
Delta Retail maintains existing guidance as volumes remain active,NEUTRAL
Evergreen Tech schedules investor meeting during morning trade,NEUTRAL
Falcon Infra announces board update as volumes remain active,NEUTRAL
Granite Foods trades in a narrow range during morning trade,NEUTRAL
Helio Pharma holds annual general meeting as volumes remain active,NEUTRAL
Indigo Systems updates product roadmap during morning trade,NEUTRAL
Jade Semiconductors reports stable operations as volumes remain active,NEUTRAL
Aster Motors opens new regional office during morning trade,NEUTRAL
BluePeak Finance maintains existing guidance as volumes remain active,NEUTRAL
Cedar Energy schedules investor meeting during morning trade,NEUTRAL
Delta Retail announces board update as volumes remain active,NEUTRAL
Evergreen Tech trades in a narrow range during morning trade,NEUTRAL
Falcon Infra holds annual general meeting as volumes remain active,NEUTRAL
Granite Foods updates product roadmap during morning trade,NEUTRAL
Helio Pharma reports stable operations as volumes remain active,NEUTRAL
Indigo Systems opens new regional office during morning trade,NEUTRAL
Jade Semiconductors maintains existing guidance as volumes remain active,NEUTRAL
Aster Motors schedules investor meeting during morning trade,NEUTRAL
BluePeak Finance announces board update as volumes remain active,NEUTRAL
Cedar Energy trades in a narrow range during morning trade,NEUTRAL
Delta Retail holds annual general meeting as volumes remain active,NEUTRAL
Evergreen Tech updates product roadmap during morning trade,NEUTRAL
Falcon Infra reports stable operations as volumes remain active,NEUTRAL
Granite Foods opens new regional office during morning trade,NEUTRAL
Helio Pharma maintains existing guidance as volumes remain active,NEUTRAL
Indigo Systems schedules investor meeting during morning trade,NEUTRAL
Jade Semiconductors announces board update as volumes remain active,NEUTRAL
Aster Motors trades in a narrow range during morning trade,NEUTRAL
BluePeak Finance holds annual general meeting as volumes remain active,NEUTRAL
Cedar Energy updates product roadmap during morning trade,NEUTRAL
Delta Retail reports stable operations as volumes remain active,NEUTRAL
Evergreen Tech opens new regional office during morning trade,NEUTRAL
Falcon Infra maintains existing guidance as volumes remain active,NEUTRAL
Granite Foods schedules investor meeting during morning trade,NEUTRAL
Helio Pharma announces board update as volumes remain active,NEUTRAL
Indigo Systems trades in a narrow range during morning trade,NEUTRAL
Jade Semiconductors holds annual general meeting as volumes remain active,NEUTRAL
Aster Motors updates product roadmap during morning trade,NEUTRAL
BluePeak Finance reports stable operations as volumes remain active,NEUTRAL
Cedar Energy opens new regional office during morning trade,NEUTRAL
Delta Retail maintains existing guidance as volumes remain active,NEUTRAL
Evergreen Tech schedules investor meeting during morning trade,NEUTRAL
Falcon Infra announces board update as volumes remain active,NEUTRAL
Granite Foods trades in a narrow range during morning trade,NEUTRAL
Helio Pharma holds annual general meeting as volumes remain active,NEUTRAL
Indigo Systems updates product roadmap during morning trade,NEUTRAL
Jade Semiconductors reports stable operations as volumes remain active,NEUTRAL
Aster Motors opens new regional office during morning trade,NEUTRAL
BluePeak Finance maintains existing guidance as volumes remain active,NEUTRAL
Cedar Energy schedules investor meeting during morning trade,NEUTRAL
Delta Retail announces board update as volumes remain active,NEUTRAL
Evergreen Tech trades in a narrow range during morning trade,NEUTRAL
Falcon Infra holds annual general meeting as volumes remain active,NEUTRAL
Granite Foods updates product roadmap during morning trade,NEUTRAL
Helio Pharma reports stable operations as volumes remain active,NEUTRAL
Indigo Systems opens new regional office during morning trade,NEUTRAL
Jade Semiconductors maintains existing guidance as volumes remain active,NEUTRAL
Aster Motors schedules investor meeting during morning trade,NEUTRAL
BluePeak Finance announces board update as volumes remain active,NEUTRAL
Cedar Energy trades in a narrow range during morning trade,NEUTRAL
Delta Retail holds annual general meeting as volumes remain active,NEUTRAL
Evergreen Tech updates product roadmap during morning trade,NEUTRAL
Falcon Infra reports stable operations as volumes remain active,NEUTRAL
Granite Foods opens new regional office during morning trade,NEUTRAL
Helio Pharma maintains existing guidance as volumes remain active,NEUTRAL
Indigo Systems schedules investor meeting during morning trade,NEUTRAL
Jade Semiconductors announces board update as volumes remain active,NEUTRAL
Aster Motors trades in a narrow range during morning trade,NEUTRAL
BluePeak Finance holds annual general meeting as volumes remain active,NEUTRAL
Cedar Energy updates product roadmap during morning trade,NEUTRAL
Delta Retail reports stable operations as volumes remain active,NEUTRAL
Evergreen Tech opens new regional office during morning trade,NEUTRAL
Falcon Infra maintains existing guidance as volumes remain active,NEUTRAL
Granite Foods schedules investor meeting during morning trade,NEUTRAL
Helio Pharma announces board update as volumes remain active,NEUTRAL
Indigo Systems trades in a narrow range during morning trade,NEUTRAL
Jade Semiconductors holds annual general meeting as volumes remain active,NEUTRAL
Aster Motors updates product roadmap during morning trade,NEUTRAL
BluePeak Finance reports stable operations as volumes remain active,NEUTRAL
Cedar Energy opens new regional office during morning trade,NEUTRAL
Delta Retail maintains existing guidance as volumes remain active,NEUTRAL
Evergreen Tech schedules investor meeting during morning trade,NEUTRAL
Falcon Infra announces board update as volumes remain active,NEUTRAL
Granite Foods trades in a narrow range during morning trade,NEUTRAL
Helio Pharma holds annual general meeting as volumes remain active,NEUTRAL
Indigo Systems updates product roadmap during morning trade,NEUTRAL
Jade Semiconductors reports stable operations as volumes remain active,NEUTRAL
Aster Motors opens new regional office during morning trade,NEUTRAL
BluePeak Finance maintains existing guidance as volumes remain active,NEUTRAL
Cedar Energy schedules investor meeting during morning trade,NEUTRAL
Delta Retail announces board update as volumes remain active,NEUTRAL
Evergreen Tech trades in a narrow range during morning trade,NEUTRAL
Falcon Infra holds annual general meeting as volumes remain active,NEUTRAL
Granite Foods updates product roadmap during morning trade,NEUTRAL
Helio Pharma reports stable operations as volumes remain active,NEUTRAL
Indigo Systems opens new regional office during morning trade,NEUTRAL
Jade Semiconductors maintains existing guidance as volumes remain active,NEUTRAL
Aster Motors schedules investor meeting during morning trade,NEUTRAL
BluePeak Finance announces board update as volumes remain active,NEUTRAL
Cedar Energy trades in a narrow range during morning trade,NEUTRAL
Delta Retail holds annual general meeting as volumes remain active,NEUTRAL
Evergreen Tech updates product roadmap during morning trade,NEUTRAL
Falcon Infra reports stable operations as volumes remain active,NEUTRAL
Granite Foods opens new regional office during morning trade,NEUTRAL
Helio Pharma maintains existing guidance as volumes remain active,NEUTRAL
Indigo Systems schedules investor meeting during morning trade,NEUTRAL
Jade Semiconductors announces board update as volumes remain active,NEUTRAL
Aster Motors trades in a narrow range during morning trade,NEUTRAL
BluePeak Finance holds annual general meeting as volumes remain active,NEUTRAL
Cedar Energy updates product roadmap during morning trade,NEUTRAL
Delta Retail reports stable operations as volumes remain active,NEUTRAL
Evergreen Tech opens new regional office during morning trade,NEUTRAL
Falcon Infra maintains existing guidance as volumes remain active,NEUTRAL
Granite Foods schedules investor meeting during morning trade,NEUTRAL
Helio Pharma announces board update as volumes remain active,NEUTRAL
Indigo Systems trades in a narrow range during morning trade,NEUTRAL
Jade Semiconductors holds annual general meeting as volumes remain active,NEUTRAL
Aster Motors updates product roadmap during morning trade,NEUTRAL
BluePeak Finance reports stable operations as volumes remain active,NEUTRAL
Cedar Energy opens new regional office during morning trade,NEUTRAL
Delta Retail maintains existing guidance as volumes remain active,NEUTRAL
Evergreen Tech schedules investor meeting during morning trade,NEUTRAL
Falcon Infra announces board update as volumes remain active,NEUTRAL
Granite Foods trades in a narrow range during morning trade,NEUTRAL
Helio Pharma holds annual general meeting as volumes remain active,NEUTRAL
Indigo Systems updates product roadmap during morning trade,NEUTRAL
Jade Semiconductors reports stable operations as volumes remain active,NEUTRAL
Aster Motors opens new regional office during morning trade,NEUTRAL
BluePeak Finance maintains existing guidance as volumes remain active,NEUTRAL
Cedar Energy schedules investor meeting during morning trade,NEUTRAL
Delta Retail announces board update as volumes remain active,NEUTRAL
Evergreen Tech trades in a narrow range during morning trade,NEUTRAL
Falcon Infra holds annual general meeting as volumes remain active,NEUTRAL
Granite Foods updates product roadmap during morning trade,NEUTRAL
Helio Pharma reports stable operations as volumes remain active,NEUTRAL
Indigo Systems opens new regional office during morning trade,NEUTRAL
Jade Semiconductors maintains existing guidance as volumes remain active,NEUTRAL
Aster Motors schedules investor meeting during morning trade,NEUTRAL
BluePeak Finance announces board update as volumes remain active,NEUTRAL
Cedar Energy trades in a narrow range during morning trade,NEUTRAL
Delta Retail holds annual general meeting as volumes remain active,NEUTRAL
Evergreen Tech updates product roadmap during morning trade,NEUTRAL
Falcon Infra reports stable operations as volumes remain active,NEUTRAL
Granite Foods opens new regional office during morning trade,NEUTRAL
Helio Pharma maintains existing guidance as volumes remain active,NEUTRAL
Indigo Systems schedules investor meeting during morning trade,NEUTRAL
Jade Semiconductors announces board update as volumes remain active,NEUTRAL
Aster Motors trades in a narrow range during morning trade,NEUTRAL
BluePeak Finance holds annual general meeting as volumes remain active,NEUTRAL
Cedar Energy updates product roadmap during morning trade,NEUTRAL
Delta Retail reports stable operations as volumes remain active,NEUTRAL
Evergreen Tech opens new regional office during morning trade,NEUTRAL
Falcon Infra maintains existing guidance as volumes remain active,NEUTRAL
Granite Foods schedules investor meeting during morning trade,NEUTRAL
Helio Pharma announces board update as volumes remain active,NEUTRAL
Indigo Systems trades in a narrow range during morning trade,NEUTRAL
Jade Semiconductors holds annual general meeting as volumes remain active,NEUTRAL
Aster Motors updates product roadmap during morning trade,NEUTRAL
BluePeak Finance reports stable operations as volumes remain active,NEUTRAL
Cedar Energy opens new regional office during morning trade,NEUTRAL
Delta Retail maintains existing guidance as volumes remain active,NEUTRAL
Evergreen Tech schedules investor meeting during morning trade,NEUTRAL
Falcon Infra announces board update as volumes remain active,NEUTRAL
Granite Foods trades in a narrow range during morning trade,NEUTRAL
Helio Pharma holds annual general meeting as volumes remain active,NEUTRAL
Indigo Systems updates product roadmap during morning trade,NEUTRAL
Jade Semiconductors reports stable operations as volumes remain active,NEUTRAL
Aster Motors opens new regional office during morning trade,NEUTRAL
BluePeak Finance maintains existing guidance as volumes remain active,NEUTRAL
Cedar Energy schedules investor meeting during morning trade,NEUTRAL
Delta Retail announces board update as volumes remain active,NEUTRAL
Evergreen Tech trades in a narrow range during morning trade,NEUTRAL
Falcon Infra holds annual general meeting as volumes remain active,NEUTRAL
Granite Foods updates product roadmap during morning trade,NEUTRAL
Helio Pharma reports stable operations as volumes remain active,NEUTRAL
Indigo Systems opens new regional office during morning trade,NEUTRAL
Jade Semiconductors maintains existing guidance as volumes remain active,NEUTRAL
